filename,label
deforestation_img1.jpg,deforestation
deforestation_img2.jpg,deforestation
deforestation_img3.jpg,deforestation
deforestation_img4.jpg,deforestation
deforestation_img5.jpg,deforestation
deforestation_img6.jpg,deforestation
deforestation_img7.jpg,deforestation
deforestation_img8.jpg,deforestation
deforestation_img9.jpg,deforestation
deforestation_img10.jpg,deforestation
deforestation_img11.jpg,deforestation
deforestation_img12.jpg,deforestation
deforestation_img13.jpg,deforestation
deforestation_img14.jpg,deforestation
deforestation_img15.jpg,deforestation
deforestation_img16.jpg,deforestation
deforestation_img17.jpg,deforestation
deforestation_img18.jpg,deforestation
deforestation_img19.jpg,deforestation
deforestation_img20.jpg,deforestation
deforestation_img21.jpg,deforestation
deforestation_img22.jpg,deforestation
deforestation_img23.jpg,deforestation
deforestation_img24.jpg,deforestation
deforestation_img25.jpg,deforestation
deforestation_img26.jpg,deforestation
deforestation_img27.jpg,deforestation
deforestation_img28.jpg,deforestation
deforestation_img29.jpg,deforestation
deforestation_img30.jpg,deforestation
deforestation_img31.jpg,deforestation
deforestation_img32.jpg,deforestation
deforestation_img33.jpg,deforestation
deforestation_img34.jpg,deforestation
deforestation_img35.jpg,deforestation
deforestation_img36.jpg,deforestation
deforestation_img37.jpg,deforestation
deforestation_img38.jpg,deforestation
deforestation_img39.jpg,deforestation
deforestation_img40.jpg,deforestation
deforestation_img41.jpg,deforestation
deforestation_img42.jpg,deforestation
deforestation_img43.jpg,deforestation
deforestation_img44.jpg,deforestation
deforestation_img45.jpg,deforestation
deforestation_img46.jpg,deforestation
deforestation_img47.jpg,deforestation
deforestation_img48.jpg,deforestation
deforestation_img49.jpg,deforestation
deforestation_img50.jpg,deforestation
deforestation_img51.jpg,deforestation
deforestation_img52.jpg,deforestation
deforestation_img53.jpg,deforestation
deforestation_img54.jpg,deforestation
deforestation_img55.jpg,deforestation
deforestation_img56.jpg,deforestation
deforestation_img57.jpg,deforestation
deforestation_img58.jpg,deforestation
deforestation_img59.jpg,deforestation
deforestation_img60.jpg,deforestation
deforestation_img61.jpg,deforestation
deforestation_img62.jpg,deforestation
deforestation_img63.jpg,deforestation
deforestation_img64.jpg,deforestation
deforestation_img65.jpg,deforestation
deforestation_img66.jpg,deforestation
deforestation_img67.jpg,deforestation
deforestation_img68.jpg,deforestation
deforestation_img69.jpg,deforestation
deforestation_img70.jpg,deforestation
deforestation_img71.jpg,deforestation
deforestation_img72.jpg,deforestation
deforestation_img73.jpg,deforestation
deforestation_img74.jpg,deforestation
deforestation_img75.jpg,deforestation
deforestation_img76.jpg,deforestation
deforestation_img77.jpg,deforestation
deforestation_img78.jpg,deforestation
deforestation_img79.jpg,deforestation
deforestation_img80.jpg,deforestation
deforestation_img81.jpg,deforestation
deforestation_img82.jpg,deforestation
deforestation_img83.jpg,deforestation
deforestation_img84.jpg,deforestation
deforestation_img85.jpg,deforestation
deforestation_img86.jpg,deforestation
deforestation_img87.jpg,deforestation
deforestation_img88.jpg,deforestation
deforestation_img89.jpg,deforestation
deforestation_img90.jpg,deforestation
deforestation_img91.jpg,deforestation
deforestation_img92.jpg,deforestation
deforestation_img93.jpg,deforestation
deforestation_img94.jpg,deforestation
deforestation_img95.jpg,deforestation
deforestation_img96.jpg,deforestation
deforestation_img97.jpg,deforestation
deforestation_img98.jpg,deforestation
deforestation_img99.jpg,deforestation
deforestation_img100.jpg,deforestation
deforestation_img101.jpg,deforestation
deforestation_img102.jpg,deforestation
deforestation_img103.jpg,deforestation
deforestation_img104.jpg,deforestation
deforestation_img105.jpg,deforestation
deforestation_img106.jpg,deforestation
deforestation_img107.jpg,deforestation
deforestation_img108.jpg,deforestation
deforestation_img109.jpg,deforestation
deforestation_img110.jpg,deforestation
deforestation_img111.jpg,deforestation
deforestation_img112.jpg,deforestation
deforestation_img113.jpg,deforestation
deforestation_img114.jpg,deforestation
deforestation_img115.jpg,deforestation
deforestation_img116.jpg,deforestation
deforestation_img117.jpg,deforestation
deforestation_img118.jpg,deforestation
deforestation_img119.jpg,deforestation
deforestation_img120.jpg,deforestation
deforestation_img121.jpg,deforestation
deforestation_img122.jpg,deforestation
deforestation_img123.jpg,deforestation
deforestation_img124.jpg,deforestation
deforestation_img125.jpg,deforestation
deforestation_img126.jpg,deforestation
deforestation_img127.jpg,deforestation
deforestation_img128.jpg,deforestation
deforestation_img129.jpg,deforestation
deforestation_img130.jpg,deforestation
deforestation_img131.jpg,deforestation
deforestation_img132.jpg,deforestation
deforestation_img133.jpg,deforestation
deforestation_img134.jpg,deforestation
deforestation_img135.jpg,deforestation
deforestation_img136.jpg,deforestation
deforestation_img137.jpg,deforestation
deforestation_img138.jpg,deforestation
deforestation_img139.jpg,deforestation
deforestation_img140.jpg,deforestation
deforestation_img141.jpg,deforestation
deforestation_img142.jpg,deforestation
deforestation_img143.jpg,deforestation
deforestation_img144.jpg,deforestation
deforestation_img145.jpg,deforestation
deforestation_img146.jpg,deforestation
deforestation_img147.jpg,deforestation
deforestation_img148.jpg,deforestation
deforestation_img149.jpg,deforestation
deforestation_img150.jpg,deforestation
deforestation_img151.jpg,deforestation
deforestation_img152.jpg,deforestation
deforestation_img153.jpg,deforestation
deforestation_img154.jpg,deforestation
deforestation_img155.jpg,deforestation
deforestation_img156.jpg,deforestation
deforestation_img157.jpg,deforestation
deforestation_img158.jpg,deforestation
deforestation_img159.jpg,deforestation
deforestation_img160.jpg,deforestation
deforestation_img161.jpg,deforestation
deforestation_img162.jpg,deforestation
deforestation_img163.jpg,deforestation
deforestation_img164.jpg,deforestation
deforestation_img165.jpg,deforestation
deforestation_img166.jpg,deforestation
deforestation_img167.jpg,deforestation
deforestation_img168.jpg,deforestation
deforestation_img169.jpg,deforestation
deforestation_img170.jpg,deforestation
deforestation_img171.jpg,deforestation
deforestation_img172.jpg,deforestation
deforestation_img173.jpg,deforestation
deforestation_img174.jpg,deforestation
deforestation_img175.jpg,deforestation
deforestation_img176.jpg,deforestation
deforestation_img177.jpg,deforestation
deforestation_img178.jpg,deforestation
deforestation_img179.jpg,deforestation
deforestation_img180.jpg,deforestation
deforestation_img181.jpg,deforestation
deforestation_img182.jpg,deforestation
deforestation_img183.jpg,deforestation
deforestation_img184.jpg,deforestation
deforestation_img185.jpg,deforestation
deforestation_img186.jpg,deforestation
deforestation_img187.jpg,deforestation
deforestation_img188.jpg,deforestation
deforestation_img189.jpg,deforestation
deforestation_img190.jpg,deforestation
deforestation_img191.jpg,deforestation
deforestation_img192.jpg,deforestation
deforestation_img193.jpg,deforestation
deforestation_img194.jpg,deforestation
deforestation_img195.jpg,deforestation
deforestation_img196.jpg,deforestation
deforestation_img197.jpg,deforestation
deforestation_img198.jpg,deforestation
deforestation_img199.jpg,deforestation
deforestation_img200.jpg,deforestation
deforestation_img201.jpg,deforestation
deforestation_img202.jpg,deforestation
deforestation_img203.jpg,deforestation
deforestation_img204.jpg,deforestation
deforestation_img205.jpg,deforestation
deforestation_img206.jpg,deforestation
deforestation_img207.jpg,deforestation
deforestation_img208.jpg,deforestation
deforestation_img209.jpg,deforestation
deforestation_img210.jpg,deforestation
deforestation_img211.jpg,deforestation
deforestation_img212.jpg,deforestation
deforestation_img213.jpg,deforestation
deforestation_img214.jpg,deforestation
deforestation_img215.jpg,deforestation
deforestation_img216.jpg,deforestation
deforestation_img217.jpg,deforestation
deforestation_img218.jpg,deforestation
deforestation_img219.jpg,deforestation
deforestation_img220.jpg,deforestation
deforestation_img221.jpg,deforestation
deforestation_img222.jpg,deforestation
deforestation_img223.jpg,deforestation
deforestation_img224.jpg,deforestation
deforestation_img225.jpg,deforestation
deforestation_img226.jpg,deforestation
deforestation_img227.jpg,deforestation
deforestation_img228.jpg,deforestation
deforestation_img229.jpg,deforestation
deforestation_img230.jpg,deforestation
deforestation_img231.jpg,deforestation
deforestation_img232.jpg,deforestation
deforestation_img233.jpg,deforestation
deforestation_img234.jpg,deforestation
deforestation_img235.jpg,deforestation
deforestation_img236.jpg,deforestation
deforestation_img237.jpg,deforestation
deforestation_img238.jpg,deforestation
deforestation_img239.jpg,deforestation
deforestation_img240.jpg,deforestation
deforestation_img241.jpg,deforestation
deforestation_img242.jpg,deforestation
deforestation_img243.jpg,deforestation
deforestation_img244.jpg,deforestation
deforestation_img245.jpg,deforestation
deforestation_img246.jpg,deforestation
deforestation_img247.jpg,deforestation
deforestation_img248.jpg,deforestation
deforestation_img249.jpg,deforestation
deforestation_img250.jpg,deforestation
no_deforestation_img251.jpg,no_deforestation
no_deforestation_img252.jpg,no_deforestation
no_deforestation_img253.jpg,no_deforestation
no_deforestation_img254.jpg,no_deforestation
no_deforestation_img255.jpg,no_deforestation
no_deforestation_img256.jpg,no_deforestation
no_deforestation_img257.jpg,no_deforestation
no_deforestation_img258.jpg,no_deforestation
no_deforestation_img259.jpg,no_deforestation
no_deforestation_img260.jpg,no_deforestation
no_deforestation_img261.jpg,no_deforestation
no_deforestation_img262.jpg,no_deforestation
no_deforestation_img263.jpg,no_deforestation
no_deforestation_img264.jpg,no_deforestation
no_deforestation_img265.jpg,no_deforestation
no_deforestation_img266.jpg,no_deforestation
no_deforestation_img267.jpg,no_deforestation
no_deforestation_img268.jpg,no_deforestation
no_deforestation_img269.jpg,no_deforestation
no_deforestation_img270.jpg,no_deforestation
no_deforestation_img271.jpg,no_deforestation
no_deforestation_img272.jpg,no_deforestation
no_deforestation_img273.jpg,no_deforestation
no_deforestation_img274.jpg,no_deforestation
no_deforestation_img275.jpg,no_deforestation
no_deforestation_img276.jpg,no_deforestation
no_deforestation_img277.jpg,no_deforestation
no_deforestation_img278.jpg,no_deforestation
no_deforestation_img279.jpg,no_deforestation
no_deforestation_img280.jpg,no_deforestation
no_deforestation_img281.jpg,no_deforestation
no_deforestation_img282.jpg,no_deforestation
no_deforestation_img283.jpg,no_deforestation
no_deforestation_img284.jpg,no_deforestation
no_deforestation_img285.jpg,no_deforestation
no_deforestation_img286.jpg,no_deforestation
no_deforestation_img287.jpg,no_deforestation
no_deforestation_img288.jpg,no_deforestation
no_deforestation_img289.jpg,no_deforestation
no_deforestation_img290.jpg,no_deforestation
no_deforestation_img291.jpg,no_deforestation
no_deforestation_img292.jpg,no_deforestation
no_deforestation_img293.jpg,no_deforestation
no_deforestation_img294.jpg,no_deforestation
no_deforestation_img295.jpg,no_deforestation
no_deforestation_img296.jpg,no_deforestation
no_deforestation_img297.jpg,no_deforestation
no_deforestation_img298.jpg,no_deforestation
no_deforestation_img299.jpg,no_deforestation
no_deforestation_img300.jpg,no_deforestation
no_deforestation_img301.jpg,no_deforestation
no_deforestation_img302.jpg,no_deforestation
no_deforestation_img303.jpg,no_deforestation
no_deforestation_img304.jpg,no_deforestation
no_deforestation_img305.jpg,no_deforestation
no_deforestation_img306.jpg,no_deforestation
no_deforestation_img307.jpg,no_deforestation
no_deforestation_img308.jpg,no_deforestation
no_deforestation_img309.jpg,no_deforestation
no_deforestation_img310.jpg,no_deforestation
no_deforestation_img311.jpg,no_deforestation
no_deforestation_img312.jpg,no_deforestation
no_deforestation_img313.jpg,no_deforestation
no_deforestation_img314.jpg,no_deforestation
no_deforestation_img315.jpg,no_deforestation
no_deforestation_img316.jpg,no_deforestation
no_deforestation_img317.jpg,no_deforestation
no_deforestation_img318.jpg,no_deforestation
no_deforestation_img319.jpg,no_deforestation
no_deforestation_img320.jpg,no_deforestation
no_deforestation_img321.jpg,no_deforestation
no_deforestation_img322.jpg,no_deforestation
no_deforestation_img323.jpg,no_deforestation
no_deforestation_img324.jpg,no_deforestation
no_deforestation_img325.jpg,no_deforestation
no_deforestation_img326.jpg,no_deforestation
no_deforestation_img327.jpg,no_deforestation
no_deforestation_img328.jpg,no_deforestation
no_deforestation_img329.jpg,no_deforestation
no_deforestation_img330.jpg,no_deforestation
no_deforestation_img331.jpg,no_deforestation
no_deforestation_img332.jpg,no_deforestation
no_deforestation_img333.jpg,no_deforestation
no_deforestation_img334.jpg,no_deforestation
no_deforestation_img335.jpg,no_deforestation
no_deforestation_img336.jpg,no_deforestation
no_deforestation_img337.jpg,no_deforestation
no_deforestation_img338.jpg,no_deforestation
no_deforestation_img339.jpg,no_deforestation
no_deforestation_img340.jpg,no_deforestation
no_deforestation_img341.jpg,no_deforestation
no_deforestation_img342.jpg,no_deforestation
no_deforestation_img343.jpg,no_deforestation
no_deforestation_img344.jpg,no_deforestation
no_deforestation_img345.jpg,no_deforestation
no_deforestation_img346.jpg,no_deforestation
no_deforestation_img347.jpg,no_deforestation
no_deforestation_img348.jpg,no_deforestation
no_deforestation_img349.jpg,no_deforestation
no_deforestation_img350.jpg,no_deforestation
no_deforestation_img351.jpg,no_deforestation
no_deforestation_img352.jpg,no_deforestation
no_deforestation_img353.jpg,no_deforestation
no_deforestation_img354.jpg,no_deforestation
no_deforestation_img355.jpg,no_deforestation
no_deforestation_img356.jpg,no_deforestation
no_deforestation_img357.jpg,no_deforestation
no_deforestation_img358.jpg,no_deforestation
no_deforestation_img359.jpg,no_deforestation
no_deforestation_img360.jpg,no_deforestation
no_deforestation_img361.jpg,no_deforestation
no_deforestation_img362.jpg,no_deforestation
no_deforestation_img363.jpg,no_deforestation
no_deforestation_img364.jpg,no_deforestation
no_deforestation_img365.jpg,no_deforestation
no_deforestation_img366.jpg,no_deforestation
no_deforestation_img367.jpg,no_deforestation
no_deforestation_img368.jpg,no_deforestation
no_deforestation_img369.jpg,no_deforestation
no_deforestation_img370.jpg,no_deforestation
no_deforestation_img371.jpg,no_deforestation
no_deforestation_img372.jpg,no_deforestation
no_deforestation_img373.jpg,no_deforestation
no_deforestation_img374.jpg,no_deforestation
no_deforestation_img375.jpg,no_deforestation
no_deforestation_img376.jpg,no_deforestation
no_deforestation_img377.jpg,no_deforestation
no_deforestation_img378.jpg,no_deforestation
no_deforestation_img379.jpg,no_deforestation
no_deforestation_img380.jpg,no_deforestation
no_deforestation_img381.jpg,no_deforestation
no_deforestation_img382.jpg,no_deforestation
no_deforestation_img383.jpg,no_deforestation
no_deforestation_img384.jpg,no_deforestation
no_deforestation_img385.jpg,no_deforestation
no_deforestation_img386.jpg,no_deforestation
no_deforestation_img387.jpg,no_deforestation
no_deforestation_img388.jpg,no_deforestation
no_deforestation_img389.jpg,no_deforestation
no_deforestation_img390.jpg,no_deforestation
no_deforestation_img391.jpg,no_deforestation
no_deforestation_img392.jpg,no_deforestation
no_deforestation_img393.jpg,no_deforestation
no_deforestation_img394.jpg,no_deforestation
no_deforestation_img395.jpg,no_deforestation
no_deforestation_img396.jpg,no_deforestation
no_deforestation_img397.jpg,no_deforestation
no_deforestation_img398.jpg,no_deforestation
no_deforestation_img399.jpg,no_deforestation
no_deforestation_img400.jpg,no_deforestation
no_deforestation_img401.jpg,no_deforestation
no_deforestation_img402.jpg,no_deforestation
no_deforestation_img403.jpg,no_deforestation
no_deforestation_img404.jpg,no_deforestation
no_deforestation_img405.jpg,no_deforestation
no_deforestation_img406.jpg,no_deforestation
no_deforestation_img407.jpg,no_deforestation
no_deforestation_img408.jpg,no_deforestation
no_deforestation_img409.jpg,no_deforestation
no_deforestation_img410.jpg,no_deforestation
no_deforestation_img411.jpg,no_deforestation
no_deforestation_img412.jpg,no_deforestation
no_deforestation_img413.jpg,no_deforestation
no_deforestation_img414.jpg,no_deforestation
no_deforestation_img415.jpg,no_deforestation
no_deforestation_img416.jpg,no_deforestation
no_deforestation_img417.jpg,no_deforestation
no_deforestation_img418.jpg,no_deforestation
no_deforestation_img419.jpg,no_deforestation
no_deforestation_img420.jpg,no_deforestation
no_deforestation_img421.jpg,no_deforestation
no_deforestation_img422.jpg,no_deforestation
no_deforestation_img423.jpg,no_deforestation
no_deforestation_img424.jpg,no_deforestation
no_deforestation_img425.jpg,no_deforestation
no_deforestation_img426.jpg,no_deforestation
no_deforestation_img427.jpg,no_deforestation
no_deforestation_img428.jpg,no_deforestation
no_deforestation_img429.jpg,no_deforestation
no_deforestation_img430.jpg,no_deforestation
no_deforestation_img431.jpg,no_deforestation
no_deforestation_img432.jpg,no_deforestation
no_deforestation_img433.jpg,no_deforestation
no_deforestation_img434.jpg,no_deforestation
no_deforestation_img435.jpg,no_deforestation
no_deforestation_img436.jpg,no_deforestation
no_deforestation_img437.jpg,no_deforestation
no_deforestation_img438.jpg,no_deforestation
no_deforestation_img439.jpg,no_deforestation
no_deforestation_img440.jpg,no_deforestation
no_deforestation_img441.jpg,no_deforestation
no_deforestation_img442.jpg,no_deforestation
no_deforestation_img443.jpg,no_deforestation
no_deforestation_img444.jpg,no_deforestation
no_deforestation_img445.jpg,no_deforestation
no_deforestation_img446.jpg,no_deforestation
no_deforestation_img447.jpg,no_deforestation
no_deforestation_img448.jpg,no_deforestation
no_deforestation_img449.jpg,no_deforestation
no_deforestation_img450.jpg,no_deforestation
no_deforestation_img451.jpg,no_deforestation
no_deforestation_img452.jpg,no_deforestation
no_deforestation_img453.jpg,no_deforestation
no_deforestation_img454.jpg,no_deforestation
no_deforestation_img455.jpg,no_deforestation
no_deforestation_img456.jpg,no_deforestation
no_deforestation_img457.jpg,no_deforestation
no_deforestation_img458.jpg,no_deforestation
no_deforestation_img459.jpg,no_deforestation
no_deforestation_img460.jpg,no_deforestation
no_deforestation_img461.jpg,no_deforestation
no_deforestation_img462.jpg,no_deforestation
no_deforestation_img463.jpg,no_deforestation
no_deforestation_img464.jpg,no_deforestation
no_deforestation_img465.jpg,no_deforestation
no_deforestation_img466.jpg,no_deforestation
no_deforestation_img467.jpg,no_deforestation
no_deforestation_img468.jpg,no_deforestation
no_deforestation_img469.jpg,no_deforestation
no_deforestation_img470.jpg,no_deforestation
no_deforestation_img471.jpg,no_deforestation
no_deforestation_img472.jpg,no_deforestation
no_deforestation_img473.jpg,no_deforestation
no_deforestation_img474.jpg,no_deforestation
no_deforestation_img475.jpg,no_deforestation
no_deforestation_img476.jpg,no_deforestation
no_deforestation_img477.jpg,no_deforestation
no_deforestation_img478.jpg,no_deforestation
no_deforestation_img479.jpg,no_deforestation
no_deforestation_img480.jpg,no_deforestation
no_deforestation_img481.jpg,no_deforestation
no_deforestation_img482.jpg,no_deforestation
no_deforestation_img483.jpg,no_deforestation
no_deforestation_img484.jpg,no_deforestation
no_deforestation_img485.jpg,no_deforestation
no_deforestation_img486.jpg,no_deforestation
no_deforestation_img487.jpg,no_deforestation
no_deforestation_img488.jpg,no_deforestation
no_deforestation_img489.jpg,no_deforestation
no_deforestation_img490.jpg,no_deforestation
no_deforestation_img491.jpg,no_deforestation
no_deforestation_img492.jpg,no_deforestation
no_deforestation_img493.jpg,no_deforestation
no_deforestation_img494.jpg,no_deforestation
no_deforestation_img495.jpg,no_deforestation
no_deforestation_img496.jpg,no_deforestation
no_deforestation_img497.jpg,no_deforestation
no_deforestation_img498.jpg,no_deforestation
no_deforestation_img499.jpg,no_deforestation
no_deforestation_img500.jpg,no_deforestation
